1,1,Fernando Mendoza,Indiana,QB,2026-04-22,,,Indiana,Big Ten,35
2,2,Arvell Reese,Ohio State,LB,2026-04-22,,,Ohio,Big Ten,35
3,3,David Bailey,Texas Tech,EDGE,2026-04-22,,,Texas,Big 12,35
4,4,Jeremiyah Love,Notre Dame,RB,2026-04-22,,,Indiana,FBS - Independent,35
5,5,Sonny Styles,Ohio State,LB,2026-04-22,,,Ohio,Big Ten,35
6,6,Francis Mauigoa,Miami (FL),OT,2026-04-22,,,Florida,ACC,35
7,7,Caleb Downs,Ohio State,S,2026-04-22,,,Ohio,Big Ten,35
8,8,Carnell Tate,Ohio State,WR,2026-04-22,,,Ohio,Big Ten,35
9,9,Rueben Bain,Miami (FL),EDGE,2026-04-22,,,Florida,ACC,35
10,10,Mansoor Delane,LSU,CB,2026-04-22,,,Louisiana,SEC,35
11,11,Spencer Fano,Utah,OT,2026-04-22,,,Utah,Big 12,30
12,12,Jordyn Tyson,Arizona State,WR,2026-04-22,,,Arizona,Big 12,30
13,13,Makai Lemon,USC,WR,2026-04-22,,,California,Big Ten,30
14,14,Monroe Freeling,Georgia,OT,2026-04-22,,,Georgia,SEC,30
15,15,Jermod McCoy,Tennessee,CB,2026-04-22,,,Tennessee,SEC,30
16,16,Olaivavega Ioane,Penn State,IOL,2026-04-22,,,Pennsylvania,Big Ten,30
17,17,Kenyon Sadiq,Oregon,TE,2026-04-22,,,Oregon,Big Ten,30
18,18,Dillon Thieneman,Oregon,S,2026-04-22,,,Oregon,Big Ten,30
19,19,Kadyn Proctor,Alabama,OT,2026-04-22,,,Alabama,SEC,30
20,20,Keldric Faulk,Auburn,EDGE,2026-04-22,,,Alabama,SEC,30
21,21,Akheem Mesidor,Miami (FL),EDGE,2026-04-22,,,Florida,ACC,30
22,22,Omar Cooper Jr.,Indiana,WR,2026-04-22,,,Indiana,Big Ten,30
23,23,Kevin Concepcion,Texas A&M,WR,2026-04-22,,,Texas,SEC,30
24,24,Emmanuel McNeil-Warren,Toledo,S,2026-04-22,,,Ohio,FBS - MAC,30
25,25,Denzel Boston,Washington,WR,2026-04-22,,,Washington,Big Ten,30
26,26,Caleb Lomu,Utah,OT,2026-04-22,,,Utah,Big 12,25
27,27,Blake Miller,Clemson,OT,2026-04-22,,,South Carolina,ACC,25
28,28,Peter Woods,Clemson,DL,2026-04-22,,,South Carolina,ACC,25
29,29,Kayden McDonald,Ohio State,DL,2026-04-22,,,Ohio,Big Ten,25
30,30,Max Iheanachor,Arizona State,OT,2026-04-22,,,Arizona,Big 12,25
31,31,T.J. Parker,Clemson,EDGE,2026-04-22,,,South Carolina,ACC,25
32,32,Ty Simpson,Alabama,QB,2026-04-22,,,Alabama,SEC,25
33,33,Colton Hood,Tennessee,CB,2026-04-22,,,Tennessee,SEC,25
34,34,Avieon Terrell,Clemson,CB,2026-04-22,,,South Carolina,ACC,25
35,35,Cashius Howell,Texas A&M,EDGE,2026-04-22,,,Texas,SEC,25
36,36,C.J. Allen,Georgia,LB,2026-04-22,,,Georgia,SEC,20
37,37,Chris Johnson,San Diego State,CB,2026-04-22,,,California,FBS - Mountain West,20
38,38,Zion Young,Missouri,EDGE,2026-04-22,,,Missouri,SEC,20
39,39,Malachi Lawrence,UCF,EDGE,2026-04-22,,,Florida,Big 12,20
40,40,Chase Bisontis,Texas A&M,IOL,2026-04-22,,,Texas,SEC,20
41,41,Caleb Banks,Florida,DL,2026-04-22,,,Florida,SEC,20
42,42,Jacob Rodriguez,Texas Tech,LB,2026-04-22,,,Texas,Big 12,20
43,43,Jadarian Price,Notre Dame,RB,2026-04-22,,,Indiana,FBS - Independent,20
44,44,Emmanuel Pregnon,Oregon,IOL,2026-04-22,,,Oregon,Big Ten,20
45,45,Brandon Cisse,South Carolina,CB,2026-04-22,,,South Carolina,SEC,20
46,46,Christen Miller,Georgia,DL,2026-04-22,,,Georgia,SEC,20
47,47,R Mason Thomas,Oklahoma,EDGE,2026-04-22,,,Oklahoma,SEC,20
48,48,Anthony Hill Jr.,Texas,LB,2026-04-22,,,Texas,SEC,20
49,49,Eli Stowers,Vanderbilt,TE,2026-04-22,,,Tennessee,SEC,20
50,50,D'angelo Ponds,Indiana,CB,2026-04-22,,,Indiana,Big Ten,20
51,51,Keylan Rutledge,Georgia Tech,IOL,2026-04-22,,,Georgia,ACC,20
52,52,Lee Hunter,Texas Tech,DL,2026-04-22,,,Texas,Big 12,20
53,53,Gabe Jacas,Illinois,EDGE,2026-04-22,,,Illinois,Big Ten,20
54,54,Treydan Stukes,Arizona,CB,2026-04-22,,,Arizona,Big 12,20
55,55,Chris Bell,Louisville,WR,2026-04-22,,,Kentucky,ACC,20
56,56,Germie Bernard,Alabama,WR,2026-04-22,,,Alabama,SEC,20
57,57,Chris Brazzell,Tennessee,WR,2026-04-22,,,Tennessee,SEC,20
58,58,Jake Golday,Cincinnati,LB,2026-04-22,,,Ohio,Big 12,20
59,59,A.J. Haulcy,LSU,S,2026-04-22,,,Louisiana,SEC,20
60,60,Derrick Moore,Michigan,EDGE,2026-04-22,,,Michigan,Big Ten,15
61,61,Josiah Trotter,Missouri,LB,2026-04-22,,,Missouri,SEC,15
62,62,Gennings Dunker,Iowa,OT,2026-04-22,,,Iowa,Big Ten,15
63,63,Mike Washington Jr.,Arkansas,RB,2026-04-22,,,Arkansas,SEC,15
64,64,Keionte Scott,Miami (FL),CB,2026-04-22,,,Florida,ACC,15
65,65,Zachariah Branch,Georgia,WR,2026-04-22,,,Georgia,SEC,15
66,66,Domonique Orange,Iowa State,DL,2026-04-22,,,Iowa,Big 12,15
67,67,Caleb Tiernan,Northwestern,OT,2026-04-22,,,Illinois,Big Ten,15
68,68,Keith Abney II,Arizona State,CB,2026-04-22,,,Arizona,Big 12,15
69,69,Ted Hurst,Georgia State,WR,2026-04-22,,,Georgia,FBS - Sun Belt,15
70,70,Connor Lew,Auburn,IOL,2026-04-22,,,Alabama,SEC,15
71,71,Antonio Williams,Clemson,WR,2026-04-22,,,South Carolina,ACC,10
72,72,Max Klare,Ohio State,TE,2026-04-22,,,Ohio,Big Ten,10
73,73,Dani Dennis-Sutton,Penn State,EDGE,2026-04-22,,,Pennsylvania,Big Ten,10
74,74,Kyle Louis,Pitt,LB,2026-04-22,,,Pennsylvania,ACC,10
75,75,Elijah Sarratt,Indiana,WR,2026-04-22,,,Indiana,Big Ten,10
76,76,Malachi Fields,Notre Dame,WR,2026-04-22,,,Indiana,FBS - Independent,10
77,77,Gracen Halton,Oklahoma,DL,2026-04-22,,,Oklahoma,SEC,10
78,78,Romello Height,Texas Tech,EDGE,2026-04-22,,,Texas,Big 12,10
79,79,Joshua Josephs,Tennessee,EDGE,2026-04-22,,,Tennessee,SEC,10
80,80,Skyler Bell,UConn,WR,2026-04-22,,,Connecticut,FBS - AAC,10
81,81,Bud Clark,TCU,S,2026-04-22,,,Texas,Big 12,10
82,82,Oscar Delp,Georgia,TE,2026-04-22,,,Georgia,SEC,10
83,83,Garrett Nussmeier,LSU,QB,2026-04-22,,,Louisiana,SEC,10
84,84,Davison Igbinosun,Ohio State,CB,2026-04-22,,,Ohio,Big Ten,10
85,85,Keyron Crawford,Auburn,EDGE,2026-04-22,,,Alabama,SEC,10
86,86,Sam Hecht,Kansas State,IOL,2026-04-22,,,Kansas,Big 12,10
87,87,Jaishawn Barham,Michigan,LB,2026-04-22,,,Michigan,Big Ten,10
88,88,Jalon Kilgore,South Carolina,S,2026-04-22,,,South Carolina,SEC,10
89,89,Bryce Lance,North Dakota State,WR,2026-04-22,,,North Dakota,FCS,10
90,90,Malik Muhammad,Texas,CB,2026-04-22,,,Texas,SEC,10
91,91,De'Zhaun Stribling,Ole Miss,WR,2026-04-22,,,Mississippi,SEC,10
92,92,Zakee Wheatley,Penn State,S,2026-04-22,,,Pennsylvania,Big Ten,10
93,93,Kamari Ramsey,USC,S,2026-04-22,,,California,Big Ten,10
94,94,Darrell Jackson Jr.,Florida State,DL,2026-04-22,,,Florida,ACC,10
95,95,Logan Jones,Iowa,IOL,2026-04-22,,,Iowa,Big Ten,10
96,96,Jonah Coleman,Washington,RB,2026-04-22,,,Washington,Big Ten,10
97,97,Daylen Everette,Georgia,CB,2026-04-22,,,Georgia,SEC,10
98,98,Markel Bell,Miami (FL),OT,2026-04-22,,,Florida,ACC,10
99,99,Jalen Farmer,Kentucky,IOL,2026-04-22,,,Kentucky,SEC,10
100,100,Jake Slaughter,Florida,IOL,2026-04-22,,,Florida,SEC,10
101,101,Drew Allar,Penn State,QB,2026-04-22,,,Pennsylvania,Big Ten,8
102,102,Chandler Rivers,Duke,CB,2026-04-22,,,North Carolina,ACC,8
103,103,Deion Burks,Oklahoma,WR,2026-04-22,,,Oklahoma,SEC,8
104,104,Julian Neal,Arkansas,CB,2026-04-22,,,Arkansas,SEC,8
105,105,Dametrious Crownover,Texas A&M,OT,2026-04-22,,,Texas,SEC,8
106,106,Devin Moore,Florida,CB,2026-04-22,,,Florida,SEC,8
107,107,Austin Barber,Florida,OT,2026-04-22,,,Florida,SEC,8
108,108,Sam Roush,Stanford,TE,2026-04-22,,,California,ACC,8
109,109,Ja'Kobi Lane,USC,WR,2026-04-22,,,California,Big Ten,8
110,110,Brenen Thompson,Mississippi State,WR,2026-04-22,,,Mississippi,SEC,8
111,111,Genesis Smith,Arizona,S,2026-04-22,,,Arizona,Big 12,8
112,112,Brian Parker II,Duke,OT,2026-04-22,,,North Carolina,ACC,8
113,113,Emmett Johnson,Nebraska,RB,2026-04-22,,,Nebraska,Big Ten,8
114,114,Justin Joly,NC State,TE,2026-04-22,,,North Carolina,ACC,8
115,115,Deontae Lawson,Alabama,LB,2026-04-22,,,Alabama,SEC,8
116,116,Tyler Onyedim,Texas A&M,DL,2026-04-22,,,Texas,SEC,8
117,117,L.T. Overton,Alabama,EDGE,2026-04-22,,,Alabama,SEC,8
118,118,Will Lee III,Texas A&M,CB,2026-04-22,,,Texas,SEC,8
119,119,Carson Beck,Miami (FL),QB,2026-04-22,,,Florida,ACC,8
120,120,Kaleb Elarms-Orr,TCU,LB,2026-04-22,,,Texas,Big 12,8
121,121,Kaleb Proctor,Southeastern Louisiana,DL,2026-04-22,,,Louisiana,FCS,7
122,122,Trey Zuhn III,Texas A&M,OT,2026-04-22,,,Texas,SEC,7
123,123,VJ Payne,Kansas State,S,2026-04-22,,,Kansas,Big 12,7
124,124,Zxavian Harris,Ole Miss,DL,2026-04-22,,,Mississippi,SEC,7
125,125,Chris McClellan,Missouri,DL,2026-04-22,,,Missouri,SEC,7
126,126,Eli Raridon,Notre Dame,TE,2026-04-22,,,Indiana,FBS - Independent,7
127,127,Kage Casey,Boise State,OT,2026-04-22,,,Idaho,FBS - Mountain West,7
128,128,Drew Shelton,Penn State,OT,2026-04-22,,,Pennsylvania,Big Ten,7
129,129,Tacario Davis,Washington,CB,2026-04-22,,,Washington,Big Ten,7
130,130,Jude Bowry,Boston College,OT,2026-04-22,,,Massachusetts,ACC,7
131,131,Travis Burke,Memphis,OT,2026-04-22,,,Tennessee,FBS - AAC,7
132,132,Cole Payton,North Dakota State,QB,2026-04-22,,,North Dakota,FCS,7
133,133,Zane Durant,Penn State,DL,2026-04-22,,,Pennsylvania,Big Ten,7
134,134,Beau Stephens,Iowa,IOL,2026-04-22,,,Iowa,Big Ten,7
135,135,Bryce Boettcher,Oregon,LB,2026-04-22,,,Oregon,Big Ten,7
136,136,Rayshaun Benny,Michigan,DL,2026-04-22,,,Michigan,Big Ten,7
137,137,Billy Schrauth,Notre Dame,IOL,2026-04-22,,,Indiana,FBS - Independent,7
138,138,Keyshaun Elliott,Arizona State,LB,2026-04-22,,,Arizona,Big 12,7
139,139,Nick Singleton,Penn State,RB,2026-04-22,,,Pennsylvania,Big Ten,7
140,140,Michael Trigg,Baylor,TE,2026-04-22,,,Texas,Big 12,7
141,141,Kaytron Allen,Penn State,RB,2026-04-22,,,Pennsylvania,Big Ten,7
142,142,Harold Perkins,LSU,LB,2026-04-22,,,Louisiana,SEC,7
143,143,Dontay Corleone,Cincinnati,DL,2026-04-22,,,Ohio,Big 12,7
144,144,Ephesians Prysock,Washington,CB,2026-04-22,,,Washington,Big Ten,7
145,145,Jadon Canady,Oregon,CB,2026-04-22,,,Oregon,Big Ten,7
146,146,Taylen Green,Arkansas,QB,2026-04-22,,,Arkansas,SEC,7
147,147,Caden Curry,Ohio State,EDGE,2026-04-22,,,Ohio,Big Ten,7
148,148,Anthony Lucas,USC,EDGE,2026-04-22,,,California,Big Ten,7
149,149,Hezekiah Masses,California,CB,2026-04-22,,,California,ACC,7
150,150,Josh Cameron,Baylor,WR,2026-04-22,,,Texas,Big 12,7
151,151,Tim Keenan III,Alabama,DL,2026-04-22,,,Alabama,SEC,6
152,152,Charles Demmings,Stephen F. Austin,CB,2026-04-22,,,Texas,FCS,6
153,153,Max Llewellyn,Iowa,EDGE,2026-04-22,,,Iowa,Big Ten,6
154,154,Michael Taaffe,Texas,S,2026-04-22,,,Texas,SEC,6
155,155,Jack Endries,Texas,TE,2026-04-22,,,Texas,SEC,6
156,156,Nick Barrett,South Carolina,DL,2026-04-22,,,South Carolina,SEC,6
157,157,Aiden Fisher,Indiana,LB,2026-04-22,,,Indiana,Big Ten,6
158,158,J.C. Davis,Illinois,OT,2026-04-22,,,Illinois,Big Ten,6
159,159,Taurean York,Texas A&M,LB,2026-04-22,,,Texas,SEC,6
160,160,DeMonte Capehart,Clemson,DL,2026-04-22,,,South Carolina,ACC,6
161,161,Keagen Trost,Missouri,IOL,2026-04-22,,,Missouri,SEC,6
162,162,Parker Brailsford,Alabama,IOL,2026-04-22,,,Alabama,SEC,6
163,163,Joe Royer,Cincinnati,TE,2026-04-22,,,Ohio,Big 12,6
164,164,Nate Boerkircher,Texas A&M,TE,2026-04-22,,,Texas,SEC,6
165,165,Isaiah World,Oregon,OT,2026-04-22,,,Oregon,Big Ten,6
166,166,Demond Claiborne,Wake Forest,RB,2026-04-22,,,North Carolina,ACC,6
167,167,Jimmy Rolder,Michigan,LB,2026-04-22,,,Michigan,Big Ten,6
168,168,Jeff Caldwell,Cincinnati,WR,2026-04-22,,,Ohio,Big 12,6
169,169,Albert Regis,Texas A&M,DL,2026-04-22,,,Texas,SEC,6
170,170,Kevin Coleman Jr.,Missouri,WR,2026-04-22,,,Missouri,SEC,6
171,171,Jeremiah Wright,Auburn,IOL,2026-04-22,,,Alabama,SEC,6
172,172,Cyrus Allen,Cincinnati,WR,2026-04-22,,,Ohio,Big 12,6
173,173,Jager Burton,Kentucky,IOL,2026-04-22,,,Kentucky,SEC,6
174,174,Marlin Klein,Michigan,TE,2026-04-22,,,Michigan,Big Ten,6
175,175,Jakobe Thomas,Miami (FL),S,2026-04-22,,,Florida,ACC,6
176,176,Reggie Virgil,Texas Tech,WR,2026-04-22,,,Texas,Big 12,6
177,177,Cade Klubnik,Clemson,QB,2026-04-22,,,South Carolina,ACC,6
178,178,Louis Moore,Indiana,S,2026-04-22,,,Indiana,Big Ten,6
179,179,Carver Willis,Washington,OT,2026-04-22,,,Washington,Big Ten,6
180,180,Adam Randall,Clemson,RB,2026-04-22,,,South Carolina,ACC,6
181,181,Nadame Tucker,Western Michigan,EDGE,2026-04-22,,,Michigan,FBS - MAC,5
182,182,Dallen Bentley,Utah,TE,2026-04-22,,,Utah,Big 12,5
183,183,Diego Pounds,Ole Miss,OT,2026-04-22,,,Mississippi,SEC,5
184,184,Febechi Nwaiwu,Oklahoma,IOL,2026-04-22,,,Oklahoma,SEC,5
185,185,Jack Kelly,BYU,LB,2026-04-22,,,Utah,Big 12,5
186,186,Tyreak Sapp,Florida,EDGE,2026-04-22,,,Florida,SEC,5
187,187,Kaelon Black,Indiana,RB,2026-04-22,,,Indiana,Big Ten,5
188,188,Red Murdock,Buffalo,LB,2026-04-22,,,New York,FBS - MAC,5
189,189,Kendrick Law,Kentucky,WR,2026-04-22,,,Kentucky,SEC,5
190,190,Mason Reiger,Wisconsin,EDGE,2026-04-22,,,Wisconsin,Big Ten,5
191,191,J'Mari Taylor,Virginia,RB,2026-04-22,,,Virginia,ACC,5
192,192,Justin Jefferson,Alabama,LB,2026-04-22,,,Alabama,SEC,5
193,193,George Gumbs Jr.,Florida,EDGE,2026-04-22,,,Florida,SEC,5
194,194,Tanner Koziol,Houston,TE,2026-04-22,,,Texas,Big 12,5
195,195,Ar'maj Reed-Adams,Texas A&M,IOL,2026-04-22,,,Texas,SEC,5
196,196,Robert Spears-Jennings,Oklahoma,S,2026-04-22,,,Oklahoma,SEC,5
197,197,Bishop Fitzgerald,USC,S,2026-04-22,,,California,Big Ten,5
198,198,TJ Hall,Iowa,CB,2026-04-22,,,Iowa,Big Ten,5
199,199,Pat Coogan,Indiana,IOL,2026-04-22,,,Indiana,Big Ten,5
200,200,Aamil Wagner,Notre Dame,OT,2026-04-22,,,Indiana,FBS - Independent,5
201,201,Jalen Huskey,Maryland,CB,2026-04-22,,,Maryland,Big Ten,5
202,202,Matt Gulbin,Michigan State,IOL,2026-04-22,,,Michigan,Big Ten,5
203,203,Wesley Williams,Duke,DL,2026-04-22,,,North Carolina,ACC,5
204,204,Trey Moore,Texas,EDGE,2026-04-22,,,Texas,SEC,5
205,205,Domani Jackson,Alabama,CB,2026-04-22,,,Alabama,SEC,5
206,206,Thaddeus Dixon,North Carolina,CB,2026-04-22,,,North Carolina,ACC,5
207,207,Eli Heidenreich,Navy,WR,2026-04-22,,,Maryland,FBS - AAC,5
208,208,Anez Cooper,Miami (FL),IOL,2026-04-22,,,Florida,ACC,5
209,209,Will Kacmarek,Ohio State,TE,2026-04-22,,,Ohio,Big Ten,5
210,210,Mikail Kamara,Indiana,EDGE,2026-04-22,,,Indiana,Big Ten,5
211,211,Landon Robinson,Navy,DL,2026-04-22,,,Maryland,FBS - AAC,5
212,212,Seth McGowan,Kentucky,RB,2026-04-22,,,Kentucky,SEC,5
213,213,Le'Veon Moss,Texas A&M,RB,2026-04-22,,,Texas,SEC,5
214,214,Devon Marshall,NC State,CB,2026-04-22,,,North Carolina,ACC,5
215,215,Riley Nowakowski,Indiana,TE,2026-04-22,,,Indiana,Big Ten,5
216,216,Caleb Douglas,Texas Tech,WR,2026-04-22,,,Texas,Big 12,5
217,217,Malik Benson,Oregon,WR,2026-04-22,,,Oregon,Big Ten,5
218,218,Josh Cuevas,Alabama,TE,2026-04-22,,,Alabama,SEC,5
219,219,C.J. Daniels,Miami (FL),WR,2026-04-22,,,Florida,ACC,5
220,220,Logan Taylor,Boston College,IOL,2026-04-22,,,Massachusetts,ACC,5
221,221,Cole Wisniewski,Texas Tech,S,2026-04-22,,,Texas,Big 12,5
222,222,Matthew Hibner,SMU,TE,2026-04-22,,,Texas,ACC,5
223,223,D.J. Campbell,Texas,IOL,2026-04-22,,,Texas,SEC,5
224,224,Vincent Anthony Jr.,Duke,EDGE,2026-04-22,,,North Carolina,ACC,5
225,225,Jaydn Ott,Oklahoma,RB,2026-04-22,,,Oklahoma,SEC,5
226,226,Alex Harkey,Oregon,OT,2026-04-22,,,Oregon,Big Ten,5
227,227,Dae'Quan Wright,Ole Miss,TE,2026-04-22,,,Mississippi,SEC,5
228,228,Lorenzo Styles Jr.,Ohio State,CB,2026-04-22,,,Ohio,Big Ten,5
229,229,Logan Fano,Utah,EDGE,2026-04-22,,,Utah,Big 12,5
230,230,Andre Fuller,Toledo,CB,2026-04-22,,,Ohio,FBS - MAC,5
231,231,Skyler Gill-Howard,Texas Tech,DL,2026-04-22,,,Texas,Big 12,5
232,232,Lander Barton,Utah,LB,2026-04-22,,,Utah,Big 12,5
233,233,Dalton Johnson,Arizona,S,2026-04-22,,,Arizona,Big 12,5
234,234,Rene Konga,Louisville,DL,2026-04-22,,,Kentucky,ACC,5
235,235,John Michael Gyllenborg,Wyoming,TE,2026-04-22,,,Wyoming,FBS - Mountain West,5
236,236,Kaden Wetjen,Iowa,WR,2026-04-22,,,Iowa,Big Ten,5
237,237,Collin Wright,Stanford,CB,2026-04-22,,,California,ACC,5
238,238,J.Michael Sturdivant,Florida,WR,2026-04-22,,,Florida,SEC,5
239,239,Eric Rivers,Georgia Tech,WR,2026-04-22,,,Georgia,ACC,5
240,240,Quintayvious Hutchins,Boston College,EDGE,2026-04-22,,,Massachusetts,ACC,5
241,241,Zavion Thomas,LSU,WR,2026-04-22,,,Louisiana,SEC,5
242,242,Colbie Young,Georgia,WR,2026-04-22,,,Georgia,SEC,5
243,243,Eric McAlister,TCU,WR,2026-04-22,,,Texas,Big 12,5
244,244,Bryson Eason,Tennessee,DL,2026-04-22,,,Tennessee,SEC,5
245,245,Jordan van den Berg,Georgia Tech,DL,2026-04-22,,,Georgia,ACC,5
246,246,Roman Hemby,Indiana,RB,2026-04-22,,,Indiana,Big Ten,5
247,247,Eric Gentry,USC,LB,2026-04-22,,,California,Big Ten,5
248,248,Caden Barnett,Wyoming,OT,2026-04-22,,,Wyoming,FBS - Mountain West,5
249,249,Tyren Montgomery,John Carroll,WR,2026-04-22,,,Ohio,D3,5
250,250,David Gusta,Kentucky,DL,2026-04-22,,,Kentucky,SEC,5
251,251,Nolan Rucci,Penn State,OT,2026-04-22,,,Pennsylvania,Big Ten,2
252,252,Brandon Cleveland,NC State,DL,2026-04-22,,,North Carolina,ACC,2
253,253,Fernando Carmona,Arkansas,IOL,2026-04-22,,,Arkansas,SEC,2
254,254,Barion Brown,LSU,WR,2026-04-22,,,Louisiana,SEC,2
255,255,Sawyer Robertson,Baylor,QB,2026-04-22,,,Texas,Big 12,2
256,256,Kendal Daniels,Oklahoma,S,2026-04-22,,,Oklahoma,SEC,2
257,257,Cameron Ball,Arkansas,DL,2026-04-22,,,Arkansas,SEC,2
258,258,Haynes King,Georgia Tech,QB,2026-04-22,,,Georgia,ACC,2
259,259,Noah Whittington,Oregon,RB,2026-04-22,,,Oregon,Big Ten,2
260,260,Owen Heinecke,Oklahoma,LB,2026-04-22,,,Oklahoma,SEC,2
261,261,DeShon Singleton,Nebraska,S,2026-04-22,,,Nebraska,Big Ten,2
262,262,Joe Fagnano,UConn,QB,2026-04-22,,,Connecticut,FBS - AAC,2
263,263,Jamarion Miller,Alabama,RB,2026-04-22,,,Alabama,SEC,2
264,264,Avery Smith,Toledo,CB,2026-04-22,,,Ohio,FBS - MAC,2
265,265,Latrell McCutchin,Houston,CB,2026-04-22,,,Texas,Big 12,2
266,266,Xavier Nwankpa,Iowa,S,2026-04-22,,,Iowa,Big Ten,2
267,267,Chase Roberts,BYU,WR,2026-04-22,,,Utah,Big 12,2
268,268,Deven Eastern,Minnesota,DL,2026-04-22,,,Minnesota,Big Ten,2
269,269,Wade Woodaz,Clemson,LB,2026-04-22,,,South Carolina,ACC,2
270,270,Micah Morris,Georgia,IOL,2026-04-22,,,Georgia,SEC,2
271,271,Luke Altmyer,Illinois,QB,2026-04-22,,,Illinois,Big Ten,2
272,272,Toriano Pride,Missouri,CB,2026-04-22,,,Missouri,SEC,2
273,273,Jaeden Roberts,Alabama,IOL,2026-04-22,,,Alabama,SEC,2
274,274,Enrique Cruz Jr.,Kansas,OT,2026-04-22,,,Kansas,Big 12,2
275,275,Lewis Bond,Boston College,WR,2026-04-22,,,Massachusetts,ACC,2
276,276,Jack Pyburn,LSU,EDGE,2026-04-22,,,Louisiana,SEC,2
277,277,Fa'alili Fa'amoe,Wake Forest,OT,2026-04-22,,,North Carolina,ACC,2
278,278,Robert Henry Jr.,UTSA,RB,2026-04-22,,,Texas,FBS - AAC,2
279,279,Harrison Wallace III,Ole Miss,WR,2026-04-22,,,Mississippi,SEC,2
280,280,Michael Heldman,Central Michigan,EDGE,2026-04-22,,,Michigan,FBS - MAC,2
281,281,Desmond Reid,Pitt,RB,2026-04-22,,,Pennsylvania,ACC,2
282,282,Brett Thorson,Georgia,P,2026-04-22,,,Georgia,SEC,2
283,283,Aaron Graves,Iowa,DL,2026-04-22,,,Iowa,Big Ten,2
284,284,Xavian Sorey Jr.,Arkansas,LB,2026-04-22,,,Arkansas,SEC,2
285,285,Jalen Stroman,Notre Dame,S,2026-04-22,,,Indiana,FBS - Independent,2
286,286,Max Bredeson,Michigan,RB,2026-04-22,,,Michigan,Big Ten,2
287,287,Diego Pavia,Vanderbilt,QB,2026-04-22,,,Tennessee,SEC,2
288,288,Jeremiah Williams,Texas A&M,EDGE,2026-04-22,,,Texas,SEC,2
289,289,Patrick Payton,LSU,EDGE,2026-04-22,,,Louisiana,SEC,2
290,290,Behren Morton,Texas Tech,QB,2026-04-22,,,Texas,Big 12,2
291,291,Alan Herron,Maryland,IOL,2026-04-22,,,Maryland,Big Ten,2
292,292,Aaron Anderson,LSU,WR,2026-04-22,,,Louisiana,SEC,2
293,293,Evan Beerntsen,Northwestern,IOL,2026-04-22,,,Illinois,Big Ten,2
294,294,Micah Pettus,Florida State,OT,2026-04-22,,,Florida,ACC,2
295,295,Aidan Hubbard,Northwestern,EDGE,2026-04-22,,,Illinois,Big Ten,2
296,296,Jalon Daniels,Kansas,QB,2026-04-22,,,Kansas,Big 12,2
297,297,Jaden Dugger,Louisiana-Lafayette,LB,2026-04-22,,,Louisiana,FBS - Sun Belt,2
298,298,Ethan Burke,Texas,EDGE,2026-04-22,,,Texas,SEC,2
299,299,Lake McRee,USC,TE,2026-04-22,,,California,Big Ten,2
300,300,Ahmari Harvey,Georgia Tech,CB,2026-04-22,,,Georgia,ACC,2
301,301,Karson Sharar,Iowa,LB,2026-04-22,,,Iowa,Big Ten,1
302,302,Cole Brevard,Texas,DL,2026-04-22,,,Texas,SEC,1
303,303,Rahsul Faison,South Carolina,RB,2026-04-22,,,South Carolina,SEC,1
304,304,DJ Rogers,TCU,TE,2026-04-22,,,Texas,Big 12,1
305,305,Wesley Bissainthe,Miami (FL),LB,2026-04-22,,,Florida,ACC,1
306,306,Jackson Kuwatch,Miami (OH),EDGE,2026-04-22,,,Ohio,FBS - MAC,1
307,307,Trey Smack,Florida,K,2026-04-22,,,Florida,SEC,1
308,308,Gary Smith III,UCLA,DL,2026-04-22,,,California,Big Ten,1
309,309,Nyjalik Kelly,UCF,EDGE,2026-04-22,,,Florida,Big 12,1
310,310,Carsen Ryan,BYU,TE,2026-04-22,,,Utah,Big 12,1
311,311,Kobe Baynes,Kansas,IOL,2026-04-22,,,Kansas,Big 12,1
312,312,Ceyair Wright,Nebraska,CB,2026-04-22,,,Nebraska,Big Ten,1
313,313,Keyshawn James-Newby,New Mexico,EDGE,2026-04-22,,,New Mexico,FBS - Mountain West,1
314,314,Vinny Anthony II,Wisconsin,WR,2026-04-22,,,Wisconsin,Big Ten,1
315,315,Dillon Bell,Georgia,WR,2026-04-22,,,Georgia,SEC,1
316,316,Jordan Hudson,SMU,WR,2026-04-22,,,Texas,ACC,1
317,317,Marcus Allen,North Carolina,CB,2026-04-22,,,North Carolina,ACC,1
318,318,Namdi Obiazor,TCU,LB,2026-04-22,,,Texas,Big 12,1
319,319,Chip Trayanum,Toledo,RB,2026-04-22,,,Ohio,FBS - MAC,1
320,320,Joshua Braun,Kentucky,IOL,2026-04-22,,,Kentucky,SEC,1
321,321,Miles Kitselman,Tennessee,TE,2026-04-22,,,Tennessee,SEC,1
322,322,James Thompson Jr.,Illinois,DL,2026-04-22,,,Illinois,Big Ten,1
323,323,Bauer Sharp,LSU,TE,2026-04-22,,,Louisiana,SEC,1
324,324,Emmanuel Henderson,Kansas,WR,2026-04-22,,,Kansas,Big 12,1
325,325,Josh Moten,Southern Miss,CB,2026-04-22,,,Mississippi,FBS - CUSA,1
326,326,Anterio Thompson,Washington,DL,2026-04-22,,,Washington,Big Ten,1
327,327,James Brockermeyer,Miami (FL),IOL,2026-04-22,,,Florida,ACC,1
328,328,Brent Austin,California,CB,2026-04-22,,,California,ACC,1
329,329,Dominic Zvada,Michigan,K,2026-04-22,,,Michigan,Big Ten,1
330,330,Austin Brown,Wisconsin,S,2026-04-22,,,Wisconsin,Big Ten,1
331,331,R.J. Maryland,SMU,TE,2026-04-22,,,Texas,ACC,1
332,332,Tristan Leigh,Clemson,OT,2026-04-22,,,South Carolina,ACC,1
333,333,C.J. Donaldson,Ohio State,RB,2026-04-22,,,Ohio,Big Ten,1
334,334,Dean Connors,Houston,RB,2026-04-22,,,Texas,Big 12,1
335,335,Joey Aguilar,Tennessee,QB,2026-04-22,,,Tennessee,SEC,1
336,336,Riley Mahlman,Wisconsin,OT,2026-04-22,,,Wisconsin,Big Ten,1
337,337,Cian Slone,NC State,EDGE,2026-04-22,,,North Carolina,ACC,1
338,338,Ahmaad Moses,SMU,S,2026-04-22,,,Texas,ACC,1
339,339,Wydett Williams Jr.,Ole Miss,S,2026-04-22,,,Mississippi,SEC,1
340,340,Lance Mason,Wisconsin,TE,2026-04-22,,,Wisconsin,Big Ten,1
341,341,Devonta Smith,Notre Dame,CB,2026-04-22,,,Indiana,FBS - Independent,1
342,342,Caullin Lacy,Louisville,WR,2026-04-22,,,Kentucky,ACC,1
343,343,Garrett DiGiorgio,UCLA,OT,2026-04-22,,,California,Big Ten,1
344,344,Zach Durfee,Washington,EDGE,2026-04-22,,,Washington,Big Ten,1
345,345,Khalil Dinkins,Penn State,TE,2026-04-22,,,Pennsylvania,Big Ten,1
346,346,Tyre West,Tennessee,EDGE,2026-04-22,,,Tennessee,SEC,1
347,347,Isaiah Nwokobia,SMU,S,2026-04-22,,,Texas,ACC,1
348,348,Ryan Eckley,Michigan State,P,2026-04-22,,,Michigan,Big Ten,1
349,349,Uar Bernard,Nigeria,DL,2026-04-22,,,Nigeria,D3,1
350,350,Jackie Marshall,Baylor,DL,2026-04-22,,,Texas,Big 12,1
351,351,Bryan Thomas Jr.,South Carolina,EDGE,2026-04-22,,,South Carolina,SEC,1
352,352,Skyler Thomas,Oregon State,S,2026-04-22,,,Oregon,Pac 12,1
353,353,Ethan Onianwa,Ohio State,OT,2026-04-22,,,Ohio,Big Ten,1
354,354,Miller Moss,Louisville,QB,2026-04-22,,,Kentucky,ACC,1
355,355,Gavin Ortega,Weber State,OT,2026-04-22,,,Utah,FCS,1
356,356,Athan Kaliakmanis,Rutgers,QB,2026-04-22,,,New Jersey,Big Ten,1
357,357,Eric O'Neill,Rutgers,EDGE,2026-04-22,,,New Jersey,Big Ten,1
358,358,Kolbey Taylor,Vanderbilt,CB,2026-04-22,,,Tennessee,SEC,1
359,359,Chris Adams,Memphis,IOL,2026-04-22,,,Tennessee,FBS - AAC,1
360,360,Romello Brinson,SMU,WR,2026-04-22,,,Texas,ACC,1
361,361,Marvin Jones Jr.,Oklahoma,EDGE,2026-04-22,,,Oklahoma,SEC,1
362,362,Damonic Williams,Oklahoma,DL,2026-04-22,,,Oklahoma,SEC,1
363,363,Dane Key,Nebraska,WR,2026-04-22,,,Nebraska,Big Ten,1
364,364,Christian Jones,San Diego State,OT,2026-04-22,,,California,FBS - Mountain West,1
365,365,Curtis Allen,Virginia Union,RB,2026-04-22,,,Virginia,D2,1
366,366,Terion Stewart,Virginia Tech,RB,2026-04-22,,,Virginia,ACC,1
367,367,Bryce Phillips,San Diego State,CB,2026-04-22,,,California,FBS - Mountain West,1
368,368,Jacob Thomas,James Madison,S,2026-04-22,,,Virginia,FBS - Sun Belt,1
369,369,Jaylon Guilbeau,Texas,CB,2026-04-22,,,Texas,SEC,1
370,370,Jack Stonehouse,Syracuse,P,2026-04-22,,,New York,ACC,1
371,371,Miles Scott,Illinois,S,2026-04-22,,,Illinois,Big Ten,1
372,372,Jack Strand,Minnesota State-Moorhead,QB,2026-04-22,,,Minnesota,D2,1
373,373,Seydou Traore,Mississippi State,TE,2026-04-22,,,Mississippi,SEC,1
374,374,Shadrach Banks,UTSA,LB,2026-04-22,,,Texas,FBS - AAC,1
375,375,Bobby Jamison-Travis,Auburn,DL,2026-04-22,,,Alabama,SEC,1
376,376,Bryce Foster,Kansas,IOL,2026-04-22,,,Kansas,Big 12,1
377,377,Dan Villari,Syracuse,TE,2026-04-22,,,New York,ACC,1
378,378,David Blay,Miami (FL),DL,2026-04-22,,,Florida,ACC,1
379,379,Jayden Loving,Wake Forest,DL,2026-04-22,,,North Carolina,ACC,1
380,380,Mark Gronowski,Iowa,QB,2026-04-22,,,Iowa,Big Ten,1
381,381,Tommy Doman,Florida,P,2026-04-22,,,Florida,SEC,1
382,382,Chris Hilton,LSU,WR,2026-04-22,,,Louisiana,SEC,1
383,383,Josh Gesky,Illinois,IOL,2026-04-22,,,Illinois,Big Ten,1
384,384,Jaren Kanak,Oklahoma,TE,2026-04-22,,,Oklahoma,SEC,1
385,385,Noah Thomas,Georgia,WR,2026-04-22,,,Georgia,SEC,1
386,386,Jeadyn Lukus,Clemson,CB,2026-04-22,,,South Carolina,ACC,1
387,387,Max Tomzcak,Youngstown State,WR,2026-04-22,,,Ohio,FCS,1
388,388,Jeffrey M'ba,SMU,DL,2026-04-22,,,Texas,ACC,1
389,389,Will Pauling,Notre Dame,WR,2026-04-22,,,Indiana,FBS - Independent,1
390,390,Aaron Hall,Duke,DL,2026-04-22,,,North Carolina,ACC,1
391,391,Jack Velling,Michigan State,TE,2026-04-22,,,Michigan,Big Ten,1
392,392,Jalen Catalon,Missouri,S,2026-04-22,,,Missouri,SEC,1
393,393,Delby Lemieux,Dartmouth,IOL,2026-04-22,,,New Hampshire,FCS,1
394,394,Tomas Rimac,Virginia Tech,IOL,2026-04-22,,,Virginia,ACC,1
395,395,Jamal Haynes,Georgia Tech,RB,2026-04-22,,,Georgia,ACC,1
396,396,Clay Patterson,Stanford,DL,2026-04-22,,,California,ACC,1
397,397,Tyreek Chappell,Texas A&M,CB,2026-04-22,,,Texas,SEC,1
398,398,Bakyne Coly,Purdue,OT,2026-04-22,,,Indiana,Big Ten,1
399,399,Squirrel White,Florida State,WR,2026-04-22,,,Florida,ACC,1
400,400,Jalen McMurray,Tennessee,CB,2026-04-22,,,Tennessee,SEC,1
401,401,Luke Basso,Oregon,LS,2026-04-22,,,Oregon,Big Ten,1
402,402,Beau Gardner,Georgia,LS,2026-04-22,,,Georgia,SEC,1
403,403,Jayden Williams,Ole Miss,OT,2026-04-22,,,Mississippi,SEC,1
404,404,Wesley Bailey,Louisville,EDGE,2026-04-22,,,Kentucky,ACC,1
405,405,Devan Boykin,Indiana,S,2026-04-22,,,Indiana,Big Ten,1
406,406,Joshua Weru,Kenya,EDGE,2026-04-22,,,Kenya,D3,1
407,407,Karon Prunty,Wake Forest,CB,2026-04-22,,,North Carolina,ACC,1
408,408,Trebor Pena,Penn State,WR,2026-04-22,,,Pennsylvania,Big Ten,1
409,409,TJ Guy,Michigan,EDGE,2026-04-22,,,Michigan,Big Ten,1
410,410,West Weeks,LSU,LB,2026-04-22,,,Louisiana,SEC,1
411,411,Connor Tollison,Missouri,IOL,2026-04-22,,,Missouri,SEC,1
412,412,Kansei Matsuzawa,Hawaii,K,2026-04-22,,,Hawaii,FBS - Mountain West,1
413,413,DJ Harvey,USC,CB,2026-04-22,,,California,Big Ten,1
414,414,Josh Thompson,LSU,IOL,2026-04-22,,,Louisiana,SEC,1
415,415,Khalil Jacobs,Missouri,LB,2026-04-22,,,Missouri,SEC,1
416,416,Preston Hodge,Colorado,CB,2026-04-22,,,Colorado,Big 12,1
417,417,Drew Stevens,Iowa,K,2026-04-22,,,Iowa,Big Ten,1
418,418,Erick Hunter,Morgan State,LB,2026-04-22,,,Maryland,FCS,1
419,419,Thomas Castellanos,Florida State,QB,2026-04-22,,,Florida,ACC,1
420,420,Davion Carter,Texas Tech,IOL,2026-04-22,,,Texas,Big 12,1
421,421,Al'zillion Hamilton,Fresno State,CB,2026-04-22,,,California,FBS - Mountain West,1
422,422,Cameron Dorner,North Texas,WR,2026-04-22,,,Texas,FBS - AAC,1
423,423,Jake Retzlaff,Tulane,QB,2026-04-22,,,Louisiana,FBS - AAC,1
424,424,Kyron Drones,Virginia Tech,QB,2026-04-22,,,Virginia,ACC,1
425,425,D.Q. Smith,South Carolina,S,2026-04-22,,,South Carolina,SEC,1
426,426,Keelan Marion,Miami (FL),WR,2026-04-22,,,Florida,ACC,1
427,427,Kahlil Benson,Indiana,OT,2026-04-22,,,Indiana,Big Ten,1
428,428,Keeshawn Silver,USC,DL,2026-04-22,,,California,Big Ten,1
429,429,Jacob Rizy,Florida State,IOL,2026-04-22,,,Florida,ACC,1
430,430,Tony Grimes,Purdue,CB,2026-04-22,,,Indiana,Big Ten,1
431,431,Jerry Wilson,Florida State,CB,2026-04-22,,,Florida,ACC,1
432,432,Ricardo Hallman,Wisconsin,CB,2026-04-22,,,Wisconsin,Big Ten,1
433,433,Malik Spencer,Michigan State,S,2026-04-22,,,Michigan,Big Ten,1
434,434,Caden Fordham,NC State,LB,2026-04-22,,,North Carolina,ACC,1
435,435,Tyler Duzansky,Penn State,LS,2026-04-22,,,Pennsylvania,Big Ten,1
436,436,Declan Williams,Incarnate Word,LB,2026-04-22,,,Texas,FCS,1
437,437,Tamarion Crumpley,UAB,CB,2026-04-22,,,Alabama,FBS - AAC,1
438,438,Hank Beatty,Illinois,WR,2026-04-22,,,Illinois,Big Ten,1
439,439,Ben Bell,Virginia Tech,EDGE,2026-04-22,,,Virginia,ACC,1
440,440,Luke Petitbon,Florida State,IOL,2026-04-22,,,Florida,ACC,1
441,441,Myles Rowser,Arizona State,S,2026-04-22,,,Arizona,Big 12,1
442,442,Jack Dingle,Cincinnati,LB,2026-04-22,,,Ohio,Big 12,1
443,443,Henry Lutovsky,Nebraska,IOL,2026-04-22,,,Nebraska,Big Ten,1
444,444,Gunner Maldonado,Kansas State,S,2026-04-22,,,Kansas,Big 12,1
445,445,Kejon Owens,Florida International,RB,2026-04-22,,,Florida,FBS - CUSA,1
446,446,Dayon Hayes,Texas A&M,EDGE,2026-04-22,,,Texas,SEC,1
447,447,Kapena Gushiken,Ole Miss,S,2026-04-22,,,Mississippi,SEC,1
448,448,Bruno Onwuazor,Virginia State,OT,2026-04-22,,,Virginia,D2,1
449,449,Donaven Mcculley,Michigan,WR,2026-04-22,,,Michigan,Big Ten,1
450,450,Will Ferrin,BYU,K,2026-04-22,,,Utah,Big 12,1
451,451,Alex Wollschlaeger,Kentucky,OT,2026-04-22,,,Kentucky,SEC,1
452,452,Jalen Walthall,Incarnate Word,WR,2026-04-22,,,Texas,FCS,1
453,453,Cody Hardy,NC State,TE,2026-04-22,,,North Carolina,ACC,1
454,454,Giovanni El-Hadi,Michigan,IOL,2026-04-22,,,Michigan,Big Ten,1
455,455,Sieh Bangura,Ohio,RB,2026-04-22,,,Ohio,FBS - MAC,1
456,456,Cash Jones,Georgia,RB,2026-04-22,,,Georgia,SEC,1
457,457,Dillon Wade,Auburn,IOL,2026-04-22,,,Alabama,SEC,1
458,458,Trevonte Sylvester,Louisville,OT,2026-04-22,,,Kentucky,ACC,1
459,459,A.J. Pena,Rhode Island,EDGE,2026-04-22,,,Rhode Island,FCS,1
460,460,Nick Degennaro,James Madison,WR,2026-04-22,,,Virginia,FBS - Sun Belt,1
461,461,Michael Wortham,Montana,WR,2026-04-22,,,Montana,FCS,1
462,462,Jaren Kump,Utah,IOL,2026-04-22,,,Utah,Big 12,1
463,463,Jalen Jones,William & Mary,CB,2026-04-22,,,Virginia,FCS,1
464,464,James Neal,Iowa State,IOL,2026-04-22,,,Iowa,Big 12,1
465,465,Nick Andersen,Wake Forest,S,2026-04-22,,,North Carolina,ACC,1
466,466,TJ Quinn,Louisville,S,2026-04-22,,,Kentucky,ACC,1
467,467,Joe Cooper,Slippery Rock,OT,2026-04-22,,,Pennsylvania,D2,1
468,468,Jarod Washington,South Carolina State,CB,2026-04-22,,,South Carolina,FCS,1
469,469,Nick Dawkins,Penn State,IOL,2026-04-22,,,Pennsylvania,Big Ten,1
470,470,Khordae Sydnor,Vanderbilt,EDGE,2026-04-22,,,Tennessee,SEC,1
471,471,Dasan McCullough,Nebraska,EDGE,2026-04-22,,,Nebraska,Big Ten,1
472,472,DT Sheffield,Rutgers,WR,2026-04-22,,,New Jersey,Big Ten,1
473,473,Kentrel Bullock,South Alabama,RB,2026-04-22,,,Alabama,FBS - Sun Belt,1
474,474,Tanner Wall,BYU,S,2026-04-22,,,Utah,Big 12,1
475,475,Cam Miller,Rutgers,CB,2026-04-22,,,New Jersey,Big Ten,1
476,476,Rodney Shelley,Georgia Tech,CB,2026-04-22,,,Georgia,ACC,1
477,477,Javin Wright,Nebraska,LB,2026-04-22,,,Nebraska,Big Ten,1
478,478,Daniel Sobkowicz,Illinois State,WR,2026-04-22,,,Illinois,FCS,1
479,479,Tanner Arkin,Illinois,TE,2026-04-22,,,Illinois,Big Ten,1
480,480,Rohan Jones,Arkansas,TE,2026-04-22,,,Arkansas,SEC,1
481,481,O'Mega Blake,Arkansas,WR,2026-04-22,,,Arkansas,SEC,1
482,482,Dominic Deluca,Penn State,LB,2026-04-22,,,Pennsylvania,Big Ten,1
483,483,Kaidon Salter,Colorado,QB,2026-04-22,,,Colorado,Big 12,1
484,484,Gavin Gerhardt,Cincinnati,IOL,2026-04-22,,,Ohio,Big 12,1
485,485,Hunter Zambrano,Texas Tech,IOL,2026-04-22,,,Texas,Big 12,1
486,486,Fred Davis II,Northwestern,CB,2026-04-22,,,Illinois,Big Ten,1
487,487,Gabriel Rubio,Notre Dame,DL,2026-04-22,,,Indiana,FBS - Independent,1
488,488,Jacob De Jesus,California,WR,2026-04-22,,,California,ACC,1
489,489,Kam Dewberry,Alabama,IOL,2026-04-22,,,Alabama,SEC,1
490,490,Zaylin Wood,Vanderbilt,DL,2026-04-22,,,Tennessee,SEC,1
491,491,Rasheed Miller,Louisville,OT,2026-04-22,,,Kentucky,ACC,1
492,492,Darryl Peterson III,Wisconsin,EDGE,2026-04-22,,,Wisconsin,Big Ten,1
493,493,Rashad Battle,Pitt,CB,2026-04-22,,,Pennsylvania,ACC,1
494,494,Omari Evans,Washington,WR,2026-04-22,,,Washington,Big Ten,1
495,495,Nyzier Fourqurean,Wisconsin,CB,2026-04-22,,,Wisconsin,Big Ten,1
496,496,Walker Parks,Clemson,IOL,2026-04-22,,,South Carolina,ACC,1
497,497,Austin Leausa,BYU,IOL,2026-04-22,,,Utah,Big 12,1
498,498,Rocco Underwood,Florida,LS,2026-04-22,,,Florida,SEC,1
499,499,Kevorian Barnes,TCU,RB,2026-04-22,,,Texas,Big 12,1
500,500,Jaffer Murphy,UTSA,K,2026-04-22,,,Texas,FBS - AAC,1
501,501,Eli Blakey,Miami (OH),S,2026-04-22,,,Ohio,FBS - MAC,1
502,502,Derek Simmons,Oklahoma,OT,2026-04-22,,,Oklahoma,SEC,1
503,503,Jalil Farooq,Maryland,WR,2026-04-22,,,Maryland,Big Ten,1
504,504,Jameson Geers,Minnesota,TE,2026-04-22,,,Minnesota,Big Ten,1
505,505,Isaiah Jatta,BYU,OT,2026-04-22,,,Utah,Big 12,1
506,506,Bernard Gooden,LSU,DL,2026-04-22,,,Louisiana,SEC,1
507,507,Rocco Spindler,Nebraska,IOL,2026-04-22,,,Nebraska,Big Ten,1
508,508,Ethan Hurkett,Iowa,EDGE,2026-04-22,,,Iowa,Big Ten,1
509,509,Pete Nygra,Louisville,IOL,2026-04-22,,,Kentucky,ACC,1
510,510,Jalen Logan-Redding,Minnesota,DL,2026-04-22,,,Minnesota,Big Ten,1
511,511,Dariel Djabome,Rutgers,LB,2026-04-22,,,New Jersey,Big Ten,1
512,512,Devin Voisin,South Alabama,WR,2026-04-22,,,Alabama,FBS - Sun Belt,1
513,513,E.J. Williams,Indiana,WR,2026-04-22,,,Indiana,Big Ten,1
514,514,Jaden Keller,Virginia Tech,LB,2026-04-22,,,Virginia,ACC,1
515,515,Rara Thomas,Troy,WR,2026-04-22,,,Alabama,FBS - Sun Belt,1
516,516,Maverick McIvor,Western Kentucky,QB,2026-04-22,,,Kentucky,FBS - CUSA,1
517,517,Dequan Finn,Miami (OH),QB,2026-04-22,,,Ohio,FBS - MAC,1
518,518,Garrison Grimes,BYU,LS,2026-04-22,,,Utah,Big 12,1
519,519,Byron Cardwell,San Diego State,RB,2026-04-22,,,California,FBS - Mountain West,1
520,520,Dontae Balfour,Texas Tech,CB,2026-04-22,,,Texas,Big 12,1
521,521,Terry Webb,SMU,DL,2026-04-22,,,Texas,ACC,1
522,522,Blake Cotton,Utah,CB,2026-04-22,,,Utah,Big 12,1
523,523,Ka'ena Decambra,Arizona,IOL,2026-04-22,,,Arizona,Big 12,1
524,524,Reuben Unije,UCLA,OT,2026-04-22,,,California,Big Ten,1
525,525,Kalil Alexander,Texas State,EDGE,2026-04-22,,,Texas,FBS - Sun Belt,1
526,526,Izavion Miller,Auburn,OT,2026-04-22,,,Alabama,SEC,1
527,527,P.J. Williams,SMU,OT,2026-04-22,,,Texas,ACC,1
528,528,Jakari Foster,Louisiana Tech,S,2026-04-22,,,Louisiana,FBS - CUSA,1
529,529,Jaylon Braxton,Ole Miss,CB,2026-04-22,,,Mississippi,SEC,1
530,530,Ryan Niblett,Texas,WR,2026-04-22,,,Texas,SEC,1
531,531,Braylon James,TCU,WR,2026-04-22,,,Texas,Big 12,1
532,532,Calvin Simpson-Hunt,Baylor,CB,2026-04-22,,,Texas,Big 12,1
533,533,Nathan Leacock,North Carolina,WR,2026-04-22,,,North Carolina,ACC,1
534,534,Ayden Williams,Mississippi State,WR,2026-04-22,,,Mississippi,SEC,1
535,535,Lewis Carter,UCF,LB,2026-04-22,,,Florida,Big 12,1
536,536,Shamurad Umarov,Tennessee,OT,2026-04-22,,,Tennessee,SEC,1
537,537,Derion Gullette,Mississippi State,EDGE,2026-04-22,,,Mississippi,SEC,1
538,538,Joshua Padilla,Ohio State,IOL,2026-04-22,,,Ohio,Big Ten,1
539,539,Raymond Cottrell,West Alabama,WR,2026-04-22,,,Alabama,D2,1
540,540,Samuel M'Pemba,Texas A&M,EDGE,2026-04-22,,,Texas,SEC,1
541,541,Jameial Lyons,Penn State,EDGE,2026-04-22,,,Pennsylvania,Big Ten,1
542,542,Bai Jobe,Miami (OH),EDGE,2026-04-22,,,Ohio,FBS - MAC,1
543,543,Makari Vickers,Colorado,CB,2026-04-22,,,Colorado,Big 12,1
544,544,Markee Anderson,South Carolina,IOL,2026-04-22,,,South Carolina,SEC,1
545,545,Bravion Rogers,Texas A&M,CB,2026-04-22,,,Texas,SEC,1
546,546,Troy Bowles,Michigan,LB,2026-04-22,,,Michigan,Big Ten,1
547,547,Jaybron Harvey,North Carolina,EDGE,2026-04-22,,,North Carolina,ACC,1
548,548,Brenan Vernon,Notre Dame,DL,2026-04-22,,,Indiana,FBS - Independent,1
549,549,Jaiden Ausberry,Notre Dame,LB,2026-04-22,,,Indiana,FBS - Independent,1
550,550,Jason Moore,Ohio State,DL,2026-04-22,,,Ohio,Big Ten,1
551,551,Calvin Clements,Kansas,OT,2026-04-22,,,Kansas,Big 12,1
552,552,Sedrick Alexander,Vanderbilt,RB,2026-04-22,,,Tennessee,SEC,1
553,553,James Durand,Western Illinois,IOL,2026-04-22,,,Illinois,FCS,1
554,554,A'Marion McCoy,Boise State,CB,2026-04-22,,,Idaho,FBS - Mountain West,1
555,555,Grayson Loftis,Charlotte,QB,2026-04-22,,,North Carolina,FBS - AAC,1
556,556,Davin Stoffel,Illinois,TE,2026-04-22,,,Illinois,Big Ten,1
557,557,Denver Harris,UNLV,CB,2026-04-22,,,Nevada,FBS - Mountain West,1
558,558,Travis Shaw,Texas,DL,2026-04-22,,,Texas,SEC,1
559,559,Jamari Lyons,Florida,DL,2026-04-22,,,Florida,SEC,1
560,560,Justice Finkley,Kansas,EDGE,2026-04-22,,,Kansas,Big 12,1
561,561,Braylin Presley,Tulsa,WR,2026-04-22,,,Oklahoma,FBS - AAC,1
562,562,Shawn Murphy,South Carolina,LB,2026-04-22,,,South Carolina,SEC,1
563,563,Kyion Grayes,California,WR,2026-04-22,,,California,ACC,1
564,564,Dayne Shor,Akron,OT,2026-04-22,,,Ohio,FBS - MAC,1
565,565,Amari Niblack,Texas A&M,TE,2026-04-22,,,Texas,SEC,1
566,566,Zion Branch,Georgia,S,2026-04-22,,,Georgia,SEC,1
567,567,Cole Hutson,Texas,IOL,2026-04-22,,,Texas,SEC,1
568,568,Antonio Gates Jr.,Delaware State,WR,2026-04-22,,,Delaware,FCS,1
569,569,C.J. Williams,Stanford,WR,2026-04-22,,,California,ACC,1
570,570,Tobias Merriweather,Utah,WR,2026-04-22,,,Utah,Big 12,1
571,571,Kobe Prentice,Baylor,WR,2026-04-22,,,Texas,Big 12,1
572,572,Khurtiss Perry,Jacksonville State,DL,2026-04-22,,,Alabama,FBS - CUSA,1
573,573,Kaleb Brown,UAB,WR,2026-04-22,,,Alabama,FBS - AAC,1
574,574,Jaylon Glover,UNLV,RB,2026-04-22,,,Nevada,FBS - Mountain West,1
575,575,Jacolby Spells,West Virginia,CB,2026-04-22,,,West Virginia,Big 12,1
576,576,TreVonte Citizen,McNeese State,RB,2026-04-22,,,Louisiana,FCS,1
577,577,Popeye Williams,Western Michigan,EDGE,2026-04-22,,,Michigan,FBS - MAC,1
578,578,J.Q. Hardaway,Kentucky,CB,2026-04-22,,,Kentucky,SEC,1
579,579,Maalik Murphy,Oregon State,QB,2026-04-22,,,Oregon,Pac 12,1
580,580,Collin Sadler,Clemson,OT,2026-04-22,,,South Carolina,ACC,1
581,581,Holden Staes,Indiana,TE,2026-04-22,,,Indiana,Big Ten,1
582,582,Malick Sylla,Mississippi State,EDGE,2026-04-22,,,Mississippi,SEC,1
583,583,Keaten Wade,Colorado,EDGE,2026-04-22,,,Colorado,Big 12,1
584,584,Julian Armella,UCLA,IOL,2026-04-22,,,California,Big Ten,1
585,585,Jayden Virgin-Morgan,Boise State,EDGE,2026-04-22,,,Idaho,FBS - Mountain West,1
586,586,Nate Johnson,Utah,QB,2026-04-22,,,Utah,Big 12,1
587,587,John Bock II,Tulane,IOL,2026-04-22,,,Louisiana,FBS - AAC,1
588,588,Deshaun Lee,Iowa,CB,2026-04-22,,,Iowa,Big Ten,1
589,589,Justus Ross-Simmons,Syracuse,WR,2026-04-22,,,New York,ACC,1
590,590,Eddie Kelly,West Virginia,DL,2026-04-22,,,West Virginia,Big 12,1
591,591,Van Wells,Oregon State,IOL,2026-04-22,,,Oregon,Pac 12,1
592,592,Andrew Paul,Jacksonville State,RB,2026-04-22,,,Alabama,FBS - CUSA,1
593,593,Jahiem Lawson,Clemson,EDGE,2026-04-22,,,South Carolina,ACC,1
594,594,Owen McCown,UTSA,QB,2026-04-22,,,Texas,FBS - AAC,1
595,595,Gavin Gibson,North Carolina,CB,2026-04-22,,,North Carolina,ACC,1
596,596,Darren Agu,New Mexico,EDGE,2026-04-22,,,New Mexico,FBS - Mountain West,1
597,597,Wendell Moe Jr.,Tennessee,IOL,2026-04-22,,,Tennessee,SEC,1
598,598,Savion Red,Sacramento State,RB,2026-04-22,,,California,FCS,1
599,599,Richard Reese,Stephen F. Austin,RB,2026-04-22,,,Texas,FCS,1
600,600,Jeremiah Earby,Boise State,CB,2026-04-22,,,Idaho,FBS - Mountain West,1
601,601,Kam Olds,Kentucky,EDGE,2026-04-22,,,Kentucky,SEC,1
602,602,Pichon Wimbley,Georgia Southern,IOL,2026-04-22,,,Georgia,FBS - Sun Belt,1
603,603,Cade McConnell,Vanderbilt,IOL,2026-04-22,,,Tennessee,SEC,1
604,604,Josh Kattus,Kentucky,TE,2026-04-22,,,Kentucky,SEC,1
605,605,Tyler Perkins,Iowa State,P,2026-04-22,,,Iowa,Big 12,1
606,606,Braxton Fely,Boise State,DL,2026-04-22,,,Idaho,FBS - Mountain West,1
607,607,Cameron Robertson,SMU,EDGE,2026-04-22,,,Texas,ACC,1
608,608,Kyron Barnes,Nicholls State,OT,2026-04-22,,,Louisiana,FCS,1
609,609,Lance St. Louis,Texas,LS,2026-04-22,,,Texas,SEC,1
610,610,Jackson Lee,Florida Atlantic,LS,2026-04-22,,,Florida,FBS - AAC,1
611,611,Jordan Pollard,San Jose State,LB,2026-04-22,,,California,FBS - Mountain West,1
612,612,Bryan McCoy,Oklahoma State,LB,2026-04-22,,,Oklahoma,Big 12,1
613,613,Liam Becher,North Dakota,IOL,2026-04-22,,,North Dakota,FCS,1
614,614,Maurice Westmoreland,Tulane,EDGE,2026-04-22,,,Louisiana,FBS - AAC,1
615,615,Omar Aigbedion,Baylor,IOL,2026-04-22,,,Texas,Big 12,1
616,616,Desmeal Leigh,Youngstown State,OT,2026-04-22,,,Ohio,FCS,1
617,617,Quinten Christensen,South Dakota State,IOL,2026-04-22,,,South Dakota,FCS,1
618,618,Damon Payne,Michigan,DL,2026-04-22,,,Michigan,Big Ten,1
619,619,Korey Foreman,Fresno State,EDGE,2026-04-22,,,California,FBS - Mountain West,1
620,620,Sage Ryan,Ole Miss,S,2026-04-22,,,Mississippi,SEC,1
621,621,L.J. Johnson Jr.,California,RB,2026-04-22,,,California,ACC,1
622,622,Keanu Koht,Vanderbilt,EDGE,2026-04-22,,,Tennessee,SEC,1
623,623,Prince Kollie,Vanderbilt,LB,2026-04-22,,,Tennessee,SEC,1
624,624,Trevion Cooley,Troy,RB,2026-04-22,,,Alabama,FBS - Sun Belt,1
625,625,Kadarius Calloway,New Mexico State,RB,2026-04-22,,,New Mexico,FBS - CUSA,1
626,626,JoJo Earle,UNLV,WR,2026-04-22,,,Nevada,FBS - Mountain West,1
627,627,Ethan Calvert,Cal Poly,LB,2026-04-22,,,California,FCS,1
628,628,Cade Denhoff,Clemson,EDGE,2026-04-22,,,South Carolina,ACC,1
629,629,Christian Leary,Western Michigan,WR,2026-04-22,,,Michigan,FBS - MAC,1
630,630,Avante Dickerson,Arkansas State,CB,2026-04-22,,,Arkansas,FBS - Sun Belt,1
631,631,Zen Michalski,Indiana,OT,2026-04-22,,,Indiana,Big Ten,1
632,632,J.P. Benzschawel,Wisconsin,IOL,2026-04-22,,,Wisconsin,Big Ten,1
633,633,Zaire Patterson,Clemson,EDGE,2026-04-22,,,South Carolina,ACC,1
634,634,Tywone Malone,Ohio State,DL,2026-04-22,,,Ohio,Big Ten,1
635,635,Jonathan Jefferson,SMU,DL,2026-04-22,,,Texas,ACC,1
636,636,Kelvin Gilliam,Virginia Tech,DL,2026-04-22,,,Virginia,ACC,1
637,637,Elliot Donald,Pitt,DL,2026-04-22,,,Pennsylvania,ACC,1
638,638,Reid Carrico,West Virginia,LB,2026-04-22,,,West Virginia,Big 12,1
639,639,Armoni Goodwin,UT Martin,RB,2026-04-22,,,Tennessee,FCS,1
640,640,Dacari Collins,Louisville,WR,2026-04-22,,,Kentucky,ACC,1
641,641,Preston Stone,Northwestern,QB,2026-04-22,,,Illinois,Big Ten,1
642,642,Clayton Smith,Arizona State,EDGE,2026-04-22,,,Arizona,Big 12,1
643,643,Jayden Ballard,Wisconsin,WR,2026-04-22,,,Wisconsin,Big Ten,1
644,644,Damarius McGhee,Florida Atlantic,CB,2026-04-22,,,Florida,FBS - AAC,1
645,645,Bryce Carter,Texas State,DL,2026-04-22,,,Texas,FBS - Sun Belt,1
646,646,Nyland Green,Arizona State,CB,2026-04-22,,,Arizona,Big 12,1
647,647,Raesjon Davis,Oregon State,LB,2026-04-22,,,Oregon,Pac 12,1
648,648,Keli Lawson,UCF,LB,2026-04-22,,,Florida,Big 12,1
649,649,Malik McClain,Arizona State,WR,2026-04-22,,,Arizona,Big 12,1
650,650,Marcus Burris,Memphis,DL,2026-04-22,,,Tennessee,FBS - AAC,1
651,651,Terrence Ferguson II,Syracuse,IOL,2026-04-22,,,New York,ACC,1
652,652,Raheem Anderson,Western Michigan,IOL,2026-04-22,,,Michigan,FBS - MAC,1
653,653,Ty Thompson,Tulane,TE,2026-04-22,,,Louisiana,FBS - AAC,1
654,654,Deion Colzie,Miami (OH),WR,2026-04-22,,,Ohio,FBS - MAC,1
655,655,Savion Byrd,SMU,IOL,2026-04-22,,,Texas,ACC,1
656,656,Kyron Ware-Hudson,Penn State,WR,2026-04-22,,,Pennsylvania,Big Ten,1
657,657,Bram Walden,Arizona State,IOL,2026-04-22,,,Arizona,Big 12,1
658,658,David Daniel-Sisavanh,Troy,S,2026-04-22,,,Alabama,FBS - Sun Belt,1
659,659,Jaylin Davies,Oklahoma State,CB,2026-04-22,,,Oklahoma,Big 12,1
660,660,Reuben Fatheree II,Texas A&M,OT,2026-04-22,,,Texas,SEC,1
661,661,Teddy Prochazka,Nebraska,OT,2026-04-22,,,Nebraska,Big Ten,1
662,662,Roy Williams,Northern Illinois,EDGE,2026-04-22,,,Illinois,FBS - MAC,1
663,663,Dylan Rosiek,Illinois,LB,2026-04-22,,,Illinois,Big Ten,1
664,664,Joseph Manjack IV,TCU,WR,2026-04-22,,,Texas,Big 12,1
665,665,Chamon Metayer,Arizona State,TE,2026-04-22,,,Arizona,Big 12,1
666,666,Shyheim Brown,Florida State,S,2026-04-22,,,Florida,ACC,1
667,667,Tiaoalii Savea,Arizona,DL,2026-04-22,,,Arizona,Big 12,1
668,668,Logan Diggs,Ole Miss,RB,2026-04-22,,,Mississippi,SEC,1
669,669,Barika Kpeenu,North Dakota State,RB,2026-04-22,,,North Dakota,FCS,1
670,670,Ryan Mosesso,Massachusetts,OT,2026-04-22,,,Massachusetts,FBS - MAC,1
671,671,Jared Brown,South Carolina,WR,2026-04-22,,,South Carolina,SEC,1
672,672,Darian Chestnut,Syracuse,CB,2026-04-22,,,New York,ACC,1
673,673,Daylan Carnell,Missouri,S,2026-04-22,,,Missouri,SEC,1
674,674,Devean Deal,TCU,EDGE,2026-04-22,,,Texas,Big 12,1
675,675,Sean Brown,NC State,LB,2026-04-22,,,North Carolina,ACC,1
676,676,Mason Murphy,Auburn,OT,2026-04-22,,,Alabama,SEC,1
677,677,Jayden Thomas,Virginia,WR,2026-04-22,,,Virginia,ACC,1
678,678,Jerand Bradley,Kansas State,WR,2026-04-22,,,Kansas,Big 12,1
679,679,Alton McCaskill IV,Sam Houston State,RB,2026-04-22,,,Texas,FBS - CUSA,1
680,680,Jordan Favors,Appalachian State,S,2026-04-22,,,North Carolina,FBS - Sun Belt,1
681,681,Andrel Anthony,Duke,WR,2026-04-22,,,North Carolina,ACC,1
682,682,Jason Henderson,Old Dominion,LB,2026-04-22,,,Virginia,FBS - CUSA,1
683,683,Dorion Strawn,Texas State,OT,2026-04-22,,,Texas,FBS - Sun Belt,1
684,684,Cade Zimmerly,Bowling Green,IOL,2026-04-22,,,Ohio,FBS - MAC,1
685,685,Bert Auburn,Miami (FL),K,2026-04-22,,,Florida,ACC,1
686,686,Kamryn Waites,Florida,IOL,2026-04-22,,,Florida,SEC,1
687,687,Ashton Grable,Florida A&M,IOL,2026-04-22,,,Florida,FCS,1
688,688,Ross James,Oregon,P,2026-04-22,,,Oregon,Big Ten,1
689,689,Marquis Gillis,Arizona State,RB,2026-04-22,,,Arizona,Big 12,1
690,690,Roydell Williams,Florida State,RB,2026-04-22,,,Florida,ACC,1
691,691,Tosh Baker,Notre Dame,OT,2026-04-22,,,Indiana,FBS - Independent,1
692,692,Malcolm Greene,Massachusetts,S,2026-04-22,,,Massachusetts,FBS - MAC,1
693,693,Turner Corcoran,Nebraska,IOL,2026-04-22,,,Nebraska,Big Ten,1
694,694,Dominic Bailey,Tennessee,EDGE,2026-04-22,,,Tennessee,SEC,1
695,695,Bangally Kamara,Kansas,LB,2026-04-22,,,Kansas,Big 12,1
696,696,Jeff Sims,Arizona State,QB,2026-04-22,,,Arizona,Big 12,1
697,697,Stephen Dix Jr.,Arkansas,LB,2026-04-22,,,Arkansas,SEC,1
698,698,Tyler Van Dyke,SMU,QB,2026-04-22,,,Texas,ACC,1
699,699,Key Lawrence,UCLA,CB,2026-04-22,,,California,Big Ten,1
700,700,Zykeivous Walker,Auburn,DL,2026-04-22,,,Alabama,SEC,1
701,701,Aki Ogunbiyi,Colorado,IOL,2026-04-22,,,Colorado,Big 12,1
702,702,E.J. Smith,Texas A&M,RB,2026-04-22,,,Texas,SEC,1
703,703,Chad Lindberg,North Carolina,IOL,2026-04-22,,,North Carolina,ACC,1
704,704,Drew Pyne,Bowling Green,QB,2026-04-22,,,Ohio,FBS - MAC,1
705,705,Xavion Alford,Arizona State,S,2026-04-22,,,Arizona,Big 12,1
706,706,Demon Clowney,South Carolina,EDGE,2026-04-22,,,South Carolina,SEC,1
707,707,Reggie Grimes,Memphis,EDGE,2026-04-22,,,Tennessee,FBS - AAC,1
708,708,Stefon Thompson,Florida State,LB,2026-04-22,,,Florida,ACC,1
709,709,Xavier Hill,Colorado,IOL,2026-04-22,,,Colorado,Big 12,1
710,710,Ja'Mori Maclin,Kentucky,WR,2026-04-22,,,Kentucky,SEC,1
711,711,Jimari Butler,LSU,EDGE,2026-04-22,,,Louisiana,SEC,1
712,712,Dominic Richardson,Tulsa,RB,2026-04-22,,,Oklahoma,FBS - AAC,1
713,713,D.J. Graham,Kansas,CB,2026-04-22,,,Kansas,Big 12,1
714,714,Jalen Berger,UCLA,RB,2026-04-22,,,California,Big Ten,1
715,715,Gilber Edmond,South Carolina,EDGE,2026-04-22,,,South Carolina,SEC,1
716,716,Jahmeer Carter,Virginia,DL,2026-04-22,,,Virginia,ACC,1
717,717,Jordan White,Vanderbilt,IOL,2026-04-22,,,Tennessee,SEC,1
718,718,Will Shaffer,Abilene Christian,LB,2026-04-22,,,Texas,FCS,1
719,719,Nate Rutchena,UC Davis,TE,2026-04-22,,,California,FCS,1
720,720,Cam Porter,Northwestern,RB,2026-04-22,,,Illinois,Big Ten,1
721,721,Courtland Ford,UCLA,OT,2026-04-22,,,California,Big Ten,1
722,722,Leon Lowery Jr.,Illinois,LB,2026-04-22,,,Illinois,Big Ten,1
723,723,Devin Neal,Virginia,S,2026-04-22,,,Virginia,ACC,1
724,724,Payton Zdroik,Air Force,DL,2026-04-22,,,Colorado,FBS - Mountain West,1
725,725,Tyree Skipper,Louisiana-Lafayette,S,2026-04-22,,,Louisiana,FBS - Sun Belt,1
726,726,Tay Yanta II,North Texas,IOL,2026-04-22,,,Texas,FBS - AAC,1
727,727,Sabastian Harsh,NC State,DL,2026-04-22,,,North Carolina,ACC,1
728,728,Matthew Sluka,James Madison,QB,2026-04-22,,,Virginia,FBS - Sun Belt,1
729,729,Cade McNamara,East Tennessee State,QB,2026-04-22,,,Tennessee,FCS,1
730,730,Ja'Varrius Johnson,UCF,WR,2026-04-22,,,Florida,Big 12,1
731,731,Donavon Greene,Virginia Tech,WR,2026-04-22,,,Virginia,ACC,1
732,732,Isheem Young,Memphis,S,2026-04-22,,,Tennessee,FBS - AAC,1
733,733,Matthew Bedford,Oregon,OT,2026-04-22,,,Oregon,Big Ten,1
734,734,Antonio Clary,Virginia,S,2026-04-22,,,Virginia,ACC,1
735,735,Zach Calzada,Kentucky,QB,2026-04-22,,,Kentucky,SEC,1
736,736,Ben Coleman,Arizona State,IOL,2026-04-22,,,Arizona,Big 12,1
